[
  {
    "id": "13a5d8f4-2c5f-4c98-8581-4474e7153ea5",
    "data": [
      {
        "text": "Talk to linguist",
        "userDefined": false
      }
    ],
    "isTemplate": false,
    "count": 0,
    "updated": 0
  },
  {
    "id": "ccd763af-6ff0-4194-8524-d3b2c4450ee4",
    "data": [
      {
        "text": "Start",
        "userDefined": false
      }
    ],
    "isTemplate": false,
    "count": 0,
    "updated": 0
  },
  {
    "id": "ecdd3a89-12e0-4470-a6e1-e89d9ac09f1f",
    "data": [
      {
        "text": "Heyy",
        "userDefined": false
      }
    ],
    "isTemplate": false,
    "count": 0,
    "updated": 0
  },
  {
    "id": "5b2cdcae-b585-4908-ad83-9baac402d205",
    "data": [
      {
        "text": "Hello",
        "userDefined": false
      }
    ],
    "isTemplate": false,
    "count": 0,
    "updated": 0
  },
  {
    "id": "44af718b-b5e6-4518-9870-960a68e0cb52",
    "data": [
      {
        "text": "Hi",
        "userDefined": false
      }
    ],
    "isTemplate": false,
    "count": 0,
    "updated": 0
  }
]